episode,reward,final_f1,total_tokens,policy_loss,value_loss
1,0.6895147235576924,0.6923076923076924,143.0,0.8853699564933777,0.724609375
2,0.10714395630411255,0.11255411255411256,277.0,0.28107690811157227,0.08120694011449814
3,0.4588219572368421,0.4631578947368421,222.0,0.5658265352249146,0.3467235565185547
4,0.13027911679964535,0.13475177304964536,229.0,0.20273275673389435,0.044166043400764465
5,0.1515384615384615,0.9615384615384615,591.0,0.22949747741222382,0.03715091943740845
6,-0.015138339920948624,0.09486166007905138,569.0,-0.03616153076291084,0.001319714356213808
7,-0.04984962406015039,0.06015037593984962,780.0,-0.10495500266551971,0.010384991765022278
8,0.1065834683319398,0.11371237458193979,365.0,0.022759251296520233,0.0006375325610861182
9,-0.08647058823529408,0.8235294117647058,530.0,-0.19621559977531433,0.02802613005042076
10,0.028655472132034638,0.03463203463203464,306.0,-0.0743085965514183,0.007406329270452261
11,-0.021564625850340136,0.08843537414965986,633.0,-0.1746731698513031,0.02929779142141342
12,0.09000000000000008,1.0,1144.0,-0.005627439823001623,0.00034369126660749316
13,0.2923828125000001,1.0,390.0,0.2569998502731323,0.041530609130859375
14,0.001755642361111101,0.1111111111111111,479.0,-0.09898205101490021,0.008739002980291843
15,0.29000000000000004,1.0,521.0,0.2624543607234955,0.04382413625717163
16,0.29125,1.0,448.0,0.26395341753959656,0.047032445669174194
17,0.03907858455882353,0.04411764705882353,258.0,-0.07744225859642029,0.007843511179089546
18,0.16088948349530832,0.2680965147453083,369.0,0.021822910755872726,0.000497426837682724
19,0.29537109375000004,1.0,237.0,0.202300027012825,0.03013451397418976
20,0.21710376701732673,0.32673267326732675,493.0,0.0919143408536911,0.007629456929862499
21,0.2917773437500001,1.0,421.0,0.16418524086475372,0.020541256293654442
22,0.29162109375,1.0,429.0,0.13405291736125946,0.014076843857765198
23,0.02096976902173913,0.02608695652173913,262.0,-0.1646692007780075,0.03238077461719513
24,0.054895299692622954,0.05901639344262295,211.0,-0.11819920688867569,0.015347708947956562
25,0.2937304687500001,1.0,321.0,0.09631162136793137,0.007823573425412178
26,0.29427734375000003,1.0,293.0,0.10356520116329193,0.009654034860432148
27,0.29000000000000004,1.0,626.0,0.05084100738167763,0.0024364544078707695
28,0.04442820581896552,0.04827586206896552,197.0,-0.16808466613292694,0.02761239930987358
29,0.19000000000000006,1.0,663.0,-0.06381640583276749,0.0031237625516951084
30,-0.002320772058823528,0.7058823529411764,420.0,-0.22336803376674652,0.05100362002849579
31,0.29314453125000006,1.0,351.0,0.059674229472875595,0.003621739335358143
32,-0.0913953488372093,0.0186046511627907,548.0,-0.3758416175842285,0.10297615826129913
33,0.29011718750000004,1.0,506.0,0.04661136865615845,0.0024462630972266197
34,0.19000000000000006,1.0,599.0,-0.011107135564088821,0.000128462677821517
35,0.11066518498563219,0.11494252873563218,219.0,-0.08000709116458893,0.005524632520973682
36,0.29046875000000005,1.0,488.0,0.08516298979520798,0.008388064801692963
37,0.06303789227320675,0.06751054852320675,229.0,-0.1599278301000595,0.02116072177886963
38,0.16964558462078652,0.17415730337078653,231.0,-0.013541127555072308,0.00014869346341583878
39,0.10988121811224494,0.8163265306122449,330.0,-0.08345670998096466,0.008713733404874802
40,0.0957142857142857,0.2057142857142857,641.0,-0.09370626509189606,0.005771625321358442
41,0.10189828458629892,0.10676156583629892,249.0,-0.08142680674791336,0.005010575521737337
42,0.29326171875000007,1.0,345.0,0.124079629778862,0.020211126655340195
43,0.10315725492738588,0.10788381742738588,242.0,-0.04681485891342163,0.0016446427907794714
44,0.9978125,1.0,112.0,0.9142889976501465,0.7117440700531006
45,0.2946484375,1.0,274.0,0.14756976068019867,0.028411759063601494
46,0.19000000000000006,1.0,532.0,0.04411302134394646,0.0017898369114845991
47,0.08228819880653267,0.09045226130653267,418.0,-0.10786383599042892,0.008380469866096973
48,0.19000000000000006,1.0,824.0,0.04110920429229736,0.0016012241831049323
49,0.11677787162162162,0.12162162162162161,248.0,-0.04175643250346184,0.0012080580927431583
50,0.29000000000000004,1.0,573.0,0.08691711723804474,0.012150869704782963
51,0.12665364583333338,0.8333333333333334,342.0,-0.022320350632071495,0.0007627081358805299
52,0.02954241071428572,0.03571428571428572,316.0,-0.17002716660499573,0.018805403262376785
53,0.29230468750000005,1.0,394.0,0.09950672090053558,0.016350071877241135
54,0.2945703125000001,1.0,278.0,0.10772429406642914,0.018754474818706512
55,0.2906835937500001,1.0,477.0,0.07839532941579819,0.011040662415325642
56,0.19000000000000006,1.0,612.0,0.008133896626532078,0.00029262181487865746
57,0.2930859375,1.0,354.0,0.07208065688610077,0.009989561513066292
58,0.29306640625,1.0,355.0,0.05774316564202309,0.00632754061371088
59,0.03927702002762431,0.04419889502762431,252.0,-0.24399058520793915,0.032501742243766785
60,0.2935937500000001,1.0,328.0,0.015506594441831112,0.0005339991766959429
61,0.2910351562500001,1.0,459.0,0.030537890270352364,0.0021924625616520643
62,0.19000000000000006,1.0,806.0,-0.08618625998497009,0.00765771372243762
63,0.2906640625000001,1.0,478.0,0.006219262722879648,0.00011324691877234727
64,0.2931054687500001,1.0,353.0,0.005149994045495987,7.769775402266532e-05
65,0.29138671875,1.0,441.0,-0.0025184277910739183,2.128923006239347e-05
66,0.29279296875000005,1.0,369.0,0.00537925073876977,8.60630243550986e-05
67,0.29462890625000004,1.0,275.0,0.010985223576426506,0.0003205761022400111
68,0.31668256915983606,0.32131147540983607,237.0,-0.002536364132538438,2.669961759238504e-06
69,0.9868629092261905,0.9904761904761905,185.0,0.8747816681861877,0.42121621966362
70,0.2901953125000001,1.0,502.0,-0.010369326919317245,0.0003331142943352461
71,0.023854663645038167,0.030534351145038167,342.0,-0.4970111548900604,0.09635204821825027
72,0.29000000000000004,1.0,585.0,-0.03050844743847847,0.004262504633516073
73,0.19000000000000006,1.0,635.0,-0.13928259909152985,0.01767721399664879
74,0.29058593750000006,1.0,482.0,-0.015874795615673065,0.0011114169610664248
75,-0.2887390988372092,0.4186046511627907,376.0,-0.30746161937713623,0.35167041420936584
76,0.2941015625000001,1.0,302.0,0.015640689060091972,0.0008997175609692931
77,-0.009700913027108404,0.6987951807228916,435.0,-0.1582806259393692,0.10473159700632095
78,0.29351562500000006,1.0,332.0,0.029843783006072044,0.0032095632050186396
79,0.19000000000000006,1.0,970.0,-0.05769267678260803,0.0028983918018639088
80,0.29292968750000004,1.0,362.0,0.028031405061483383,0.002913965145125985
81,0.19000000000000006,1.0,807.0,-0.015584426000714302,0.0003474139957688749
82,0.29000000000000004,1.0,647.0,0.031064843758940697,0.0034470015671104193
83,0.29181640625000005,1.0,419.0,0.05765026807785034,0.011066079139709473
84,0.2913671875,1.0,442.0,0.04467236250638962,0.006997887045145035
85,0.29000000000000004,1.0,565.0,0.041991133242845535,0.003811225527897477
86,0.2949609375000001,1.0,258.0,0.06153262034058571,0.013115345500409603
87,0.29000000000000004,1.0,527.0,0.035493362694978714,0.004622511100023985
88,0.19000000000000006,1.0,912.0,-0.036420829594135284,0.001002302160486579
89,0.99318359375,1.0,349.0,0.9881664514541626,0.39705726504325867
90,0.29523437500000005,1.0,244.0,0.014669557102024555,0.0007303932798095047
91,-0.058320312499999916,0.65,426.0,-0.1562841236591339,0.10603035986423492
92,0.01790697674418605,0.12790697674418605,711.0,-0.4040777385234833,0.05791845917701721
93,0.2906640625000001,1.0,478.0,0.0034096294548362494,6.593682337552309e-05
94,0.043984375000000075,0.75,308.0,-0.1683896780014038,0.0667731761932373
95,0.29000000000000004,1.0,575.0,0.006897652056068182,0.00021872024808544666
96,0.29277343750000007,1.0,370.0,0.02494644746184349,0.0025568227283656597
97,0.2948242187500001,1.0,265.0,0.030708344653248787,0.0038073977921158075
98,0.03260699728260874,0.7391304347826086,334.0,-0.10411646217107773,0.046283263713121414
99,0.01322823660714286,0.01785714285714286,237.0,-0.3382674753665924,0.04428347200155258
100,0.24619140625,0.25,195.0,0.01815808191895485,0.0001338791917078197
101,0.1431640625,0.15,350.0,-0.13773517310619354,0.0076278457418084145
102,0.29302734375000006,1.0,357.0,0.03954998031258583,0.008279805071651936
103,0.2941015625000001,1.0,302.0,0.040525078773498535,0.007585397455841303
104,0.2934375,1.0,336.0,0.0253805723041296,0.002307110233232379
105,0.2929882812500001,1.0,359.0,0.04234190657734871,0.009758013300597668
106,0.29435546875000007,1.0,289.0,0.038273416459560394,0.00520595908164978
107,0.29244140625000004,1.0,387.0,0.037583108991384506,0.006858618929982185
108,0.29179687500000007,1.0,420.0,0.016935018822550774,0.0017993185902014375
109,0.2938476562500001,1.0,315.0,0.022073177620768547,0.002771249506622553
110,0.29365234375000004,1.0,325.0,0.019442595541477203,0.0025228983722627163
111,0.3781133497807017,0.38596491228070173,402.0,0.15211854875087738,0.007385837845504284
112,0.12438548018292683,0.8292682926829268,250.0,-0.10817797482013702,0.055358659476041794
113,0.8552873883928571,0.8571428571428571,95.0,0.7989288568496704,0.2726915776729584
114,0.2933203125,1.0,342.0,-0.011305426247417927,0.0009254111791960895
115,0.1669933744820442,0.1712707182320442,219.0,-0.32819315791130066,0.032321419566869736
116,0.2904296875000001,1.0,490.0,-0.008922649547457695,0.00044879078632220626
117,0.039663563204887224,0.04511278195488722,279.0,-0.4644719362258911,0.0722806453704834
118,0.2940820312500001,1.0,303.0,-7.76655797380954e-05,2.7496312782204768e-08
119,0.09685546874999998,0.10156249999999999,241.0,-0.42570626735687256,0.05089748650789261
120,0.2940625,1.0,304.0,-0.008556613698601723,0.0005948508623987436
121,0.29000000000000004,1.0,609.0,-0.014479395002126694,0.002225237898528576
122,0.29218750000000004,1.0,400.0,-0.0030992000829428434,7.788280345266685e-05
123,0.2954296875000001,1.0,234.0,0.0030903490260243416,8.240513852797449e-05
124,0.2911328125,1.0,454.0,0.002828940050676465,6.238080095499754e-05
125,0.2925195312500001,1.0,383.0,0.003013171022757888,7.822139741620049e-05
126,0.09061446252147766,0.09621993127147765,287.0,-0.368452787399292,0.033669959753751755
127,0.19211836557539685,0.19682539682539685,241.0,-0.12177632004022598,0.004045955836772919
128,0.29365234375000004,1.0,325.0,0.025654751807451248,0.0048824199475348
129,0.19000000000000006,1.0,877.0,-0.06013514846563339,0.002112010261043906
130,0.29150390625,1.0,435.0,0.01024698931723833,0.001303057186305523
131,0.14940848214285718,0.8571428571428571,396.0,-0.021480271592736244,0.006563865579664707
132,0.11021324936224497,0.8163265306122449,313.0,-0.03731391206383705,0.018296783789992332
133,0.20510487261546187,0.20883534136546186,191.0,-0.001533958246000111,5.556445330512361e-07
134,0.18362341772151897,0.18987341772151897,320.0,-0.022497573867440224,0.00010430937982164323
135,0.29425781250000005,1.0,294.0,0.03607693687081337,0.017648957669734955
136,0.29292968750000004,1.0,362.0,0.036647818982601166,0.014884227886795998
137,0.29341796875000004,1.0,337.0,0.0075459289364516735,0.00033960866858251393
138,0.2914062500000001,1.0,440.0,0.015115296468138695,0.0016143436077982187
139,0.2932421875000001,1.0,346.0,0.029979268088936806,0.011136450804769993
140,0.29423828125000007,1.0,295.0,0.02147478424012661,0.003394853789359331
141,0.29236328125,1.0,391.0,0.017057552933692932,0.006266393698751926
142,0.2931054687500001,1.0,353.0,0.021842151880264282,0.008573471568524837
143,0.29130859375000007,1.0,445.0,0.009956621564924717,0.0021954611875116825
144,0.11489059562969924,0.12030075187969924,277.0,-0.35511958599090576,0.02386789582669735
145,0.2933593750000001,1.0,340.0,0.00011515082587720826,2.855678076230106e-07
146,0.29033203125000007,1.0,495.0,-0.008061632513999939,0.001714995363727212
147,0.29000000000000004,1.0,517.0,-0.005719990003854036,0.0014882439281791449
148,0.292578125,1.0,380.0,-0.004401656333357096,0.0007768215727992356
149,0.29000000000000004,1.0,757.0,-0.04960186406970024,0.018382156267762184
150,0.19000000000000006,1.0,666.0,-0.13776089251041412,0.010713585652410984
151,0.2922265625,1.0,398.0,-0.002818330191075802,0.0002074374060612172
152,0.2908007812500001,1.0,471.0,-0.0016571329906582832,6.846974429208785e-05
153,0.2921289062500001,1.0,403.0,1.791396925909794e-06,9.038192416710444e-11
154,0.294921875,1.0,260.0,-0.01615823246538639,0.002177119953557849
155,-0.041297709923664126,0.06870229007633588,823.0,-0.8089313507080078,0.12948065996170044
156,0.2928515625,1.0,366.0,0.008178932592272758,0.0025484568905085325
157,0.2920117187500001,1.0,409.0,0.008945832028985023,0.002280076267197728
158,0.29000000000000004,1.0,612.0,0.006418285425752401,0.0023459019139409065
159,0.29035156250000005,1.0,494.0,0.006907202303409576,0.0027620759792625904
160,-0.2861904761904761,0.5238095238095238,741.0,-0.6214750409126282,0.2640829086303711
161,-0.10824218750000003,0.6,422.0,-0.042519472539424896,0.11797801405191422
162,0.29121093750000004,1.0,450.0,0.00710546737536788,0.002384533639997244
163,0.29267578125000004,1.0,375.0,0.00951866339892149,0.0040175216272473335
164,0.99703125,1.0,152.0,1.5275108814239502,0.5345185995101929
165,0.29037109375000003,1.0,493.0,0.007945937104523182,0.0030849194154143333
166,0.29000000000000004,1.0,529.0,0.005322142504155636,0.003119814908131957
167,0.2923828125000001,1.0,390.0,0.0071737864054739475,0.0024964753538370132
168,0.29072265625000004,1.0,475.0,0.006052840501070023,0.002562538720667362
169,0.29511718750000004,1.0,250.0,0.004761502146720886,0.001023157499730587
170,0.2934960937500001,1.0,333.0,0.0008035693899728358,3.2684194593457505e-05
171,0.29000000000000004,1.0,733.0,-0.0007067341939546168,4.615648867911659e-05
172,0.29000000000000004,1.0,987.0,-0.0044432831928133965,0.003994077444076538
173,0.2901953125000001,1.0,502.0,-0.004268087446689606,0.0010224578436464071
174,0.2941796875,1.0,298.0,-0.00392907066270709,0.0007726706680841744
175,0.29314453125000006,1.0,351.0,-0.0018588061211630702,0.00015467342745978385
176,0.9956640625,1.0,222.0,1.127575397491455,0.5626778602600098
177,0.2935937500000001,1.0,328.0,-0.0036866336595267057,0.0006533726118505001
178,-0.36434004934210523,0.34210526315789475,330.0,-0.1026383489370346,0.46101462841033936
179,0.17527343750000002,0.88,242.0,-0.0227437112480402,0.02067890390753746
180,0.29234375,1.0,392.0,0.0034305118024349213,0.00039142565219663084
181,0.29082031250000007,1.0,470.0,0.00594836100935936,0.0015515601262450218
182,0.1917578125,1.0,422.0,-0.08624527603387833,0.0026322375051677227
183,0.291875,1.0,416.0,0.008143006823956966,0.001942064263857901
184,0.29253906250000006,1.0,382.0,0.010360145941376686,0.003962657414376736
185,0.29476562500000003,1.0,268.0,0.012414754368364811,0.005022273398935795
186,0.29150390625,1.0,435.0,0.012975312769412994,0.004427799955010414
187,-0.08431640624999992,0.625,477.0,-0.049526989459991455,0.10541712492704391
188,0.29207031250000004,1.0,406.0,0.004650541115552187,0.0008001590613275766
189,0.29314453125000006,1.0,351.0,0.014072135090827942,0.0024104686453938484
190,0.29412109375000006,1.0,301.0,0.008919216692447662,0.002910922048613429
191,0.29425781250000005,1.0,294.0,0.007583893835544586,0.0022189693991094828
192,0.2934765625000001,1.0,334.0,0.006413573399186134,0.0014861959498375654
193,0.11762568583015269,0.1221374045801527,231.0,-0.41355353593826294,0.02638455666601658
194,0.062297175480769296,0.7692307692307693,355.0,-0.054569415748119354,0.03517985716462135
195,0.2933593750000001,1.0,340.0,0.0013885635416954756,5.124584731674986e-06
196,-0.1732877604166666,0.5333333333333333,339.0,-0.07613015174865723,0.19902797043323517
197,0.29388671875000005,1.0,313.0,0.003279718803241849,0.0003247205459047109
198,-0.7087890625,0,450.0,-0.16847121715545654,0.9226751923561096
199,0.29138671875,1.0,441.0,0.010033341124653816,0.002999073127284646
200,0.2900585937500001,1.0,509.0,0.007026326842606068,0.0016886094817891717
201,0.2929882812500001,1.0,359.0,0.009105635806918144,0.0039555225521326065
202,0.293203125,1.0,348.0,0.01019125897437334,0.0011392433661967516
203,0.2916601562500001,1.0,427.0,0.009849917143583298,0.003573737572878599
204,0.29414062500000004,1.0,300.0,0.00840910617262125,0.0033924803137779236
205,0.29162109375,1.0,429.0,0.014843519777059555,0.005750059615820646
206,0.2944140625,1.0,286.0,0.004895511548966169,0.0010752684902399778
207,0.29121093750000004,1.0,450.0,0.0014865484554320574,0.00011675470159389079
208,0.06900685436320754,0.07547169811320754,331.0,-0.584453821182251,0.050254300236701965
209,0.29123046875,1.0,449.0,0.0004753952380269766,1.087001965061063e-05
210,0.29183593750000003,1.0,418.0,-0.002857003826647997,0.0004956434131599963
211,0.034976776274875616,0.039800995024875614,247.0,-0.789499819278717,0.08057566732168198
212,0.292578125,1.0,380.0,-0.009893996641039848,0.0011497733648866415
213,0.29000000000000004,1.0,521.0,0.001707866438664496,5.889772728551179e-05
214,0.2910351562500001,1.0,459.0,-0.004593947436660528,0.0016755140386521816
215,0.19000000000000006,1.0,632.0,-0.14771531522274017,0.007021934725344181
216,0.29416015625,1.0,299.0,-0.01139905396848917,0.0016034940490499139
217,0.291875,1.0,416.0,0.0015214680461212993,0.00017127046885434538
218,0.29400390625000006,1.0,307.0,0.004189601168036461,0.0008716136799193919
219,0.46660386029411766,0.47058823529411764,204.0,0.4880610406398773,0.04871782660484314
220,0.09195312500000008,0.8,412.0,-0.02004930004477501,0.027072036638855934
221,0.2928710937500001,1.0,365.0,0.005306172650307417,0.0019236385123804212
222,0.2938476562500001,1.0,315.0,0.008488700725138187,0.0037435845006257296
223,0.2941015625000001,1.0,302.0,0.0079325707629323,0.003612782573327422
224,0.29265625000000006,1.0,376.0,0.0003531550173647702,1.259525743080303e-05
225,0.29443359375,1.0,285.0,0.002457929076626897,0.00039538374403491616
226,0.29621093750000005,1.0,194.0,0.007199457846581936,0.002393250120803714
227,0.29744140625000004,1.0,131.0,-0.00023842742666602135,4.092629808383208e-07
228,0.29638671875,1.0,185.0,0.00017996254609897733,3.2294967695634114e-06
229,0.2935546875,1.0,330.0,0.0023756406735628843,0.0003312251647002995
230,0.19000000000000006,1.0,882.0,-0.15843892097473145,0.008561025373637676
231,0.29216796875000006,1.0,401.0,-0.00253553525544703,0.0008611031225882471
232,0.29000000000000004,1.0,631.0,-0.0025901130866259336,0.0003721179091371596
233,0.29453125,1.0,280.0,-0.0012861996656283736,0.00021812300838064402
234,0.29435546875000007,1.0,289.0,0.00021113065304234624,4.0102750062942505e-06
235,0.07958048844537816,0.08403361344537816,228.0,-0.6981761455535889,0.049922045320272446
236,0.2936132812500001,1.0,327.0,0.0036604891065508127,0.000973963993601501
237,0.29205078125000006,1.0,407.0,0.0019181047100573778,0.00020102097187191248
238,0.29000000000000004,1.0,707.0,-4.7505207476206124e-05,5.177482762519503e-07
239,0.29000000000000004,1.0,579.0,0.0019321609288454056,0.0004906097310595214
240,0.04490124339788733,0.04929577464788733,225.0,-0.7924608588218689,0.05609038099646568
241,0.99556640625,1.0,227.0,1.3157851696014404,0.45914003252983093
242,0.29000000000000004,1.0,525.0,0.0032908532302826643,0.0010395061690360308
243,0.19000000000000006,1.0,593.0,-0.15760859847068787,0.005896097514778376
244,0.29171875,1.0,424.0,0.0028930027037858963,0.0010759682627394795
245,0.29306640625,1.0,355.0,0.0034512842539697886,0.0015127290971577168
246,0.29121093750000004,1.0,450.0,0.0028148440178483725,0.000764796044677496
247,0.29000000000000004,1.0,561.0,0.000436385947978124,3.735301288543269e-05
248,0.2914062500000001,1.0,440.0,-3.399197157705203e-05,1.7398350848907285e-07
249,0.29378906250000003,1.0,318.0,0.0029364165384322405,0.0007369997911155224
250,0.29121093750000004,1.0,450.0,-0.0007997011416591704,0.000319052895065397
251,0.039179977927509296,0.0446096654275093,278.0,-1.0104061365127563,0.07727082818746567
252,0.2928515625,1.0,366.0,-0.0008184553007595241,0.0003219874342903495
253,0.2926953125,1.0,374.0,-0.0008434895426034927,0.00015052520029712468
254,0.29021484375000006,1.0,501.0,-0.0012302652467042208,0.0003086071228608489
255,0.29000000000000004,1.0,950.0,-0.002716215094551444,0.0016210561152547598
256,0.29000000000000004,1.0,563.0,-0.00018153319251723588,6.238817150006071e-06
257,0.29234375,1.0,392.0,0.005804664921015501,0.0013379413867369294
258,0.29000000000000004,1.0,775.0,0.00018363987328484654,3.7201787108642748e-06
259,0.29376953125000005,1.0,319.0,0.0027026880998164415,0.0015178545145317912
260,0.2932421875000001,1.0,346.0,0.0015818296233192086,0.000632753421086818
261,0.29304687500000004,1.0,356.0,0.0004622575070243329,0.00015852063370402902
262,0.29437500000000005,1.0,288.0,0.0007849285029806197,0.00048474970390088856
263,-0.10466796874999995,0.6,239.0,-0.019637547433376312,0.15335869789123535
264,0.12201891447368421,0.12631578947368421,220.0,-0.6243704557418823,0.02551412582397461
265,0.07368235518292682,0.07926829268292682,286.0,-0.719161868095398,0.04019717872142792
266,0.29330078125000003,1.0,343.0,0.002889491617679596,0.0024283702950924635
267,0.296015625,1.0,204.0,0.0011755077866837382,0.001638074521906674
268,0.29000000000000004,1.0,580.0,0.0005609316285699606,0.0008552815997973084
269,0.2930078125000001,1.0,358.0,0.0007686188910156488,0.001075166859664023
270,0.29000000000000004,1.0,567.0,0.00024952017702162266,0.0001401005865773186
271,0.29150390625,1.0,435.0,0.005241815932095051,0.0015750585589557886
272,0.29281250000000003,1.0,368.0,0.00024777077487669885,0.00011813702440122142
273,0.001035550820707165,0.7070707070707071,309.0,-0.0072005498223006725,0.0927693247795105
274,0.29304687500000004,1.0,356.0,0.00021667391411028802,2.6843954401556402e-06
275,0.292578125,1.0,380.0,0.0004465234815143049,0.00011476285726530477
276,0.2921484375000001,1.0,402.0,0.0006726974388584495,0.0002583227469585836
277,0.2954492187500001,1.0,233.0,5.570802386500873e-06,9.459313332627062e-08
278,0.29552734375,1.0,229.0,-0.0003441358567215502,0.0003472000826150179
279,0.29150390625,1.0,435.0,1.1676848771458026e-05,2.3045357977480307e-07
280,0.29085937500000003,1.0,468.0,8.630943193566054e-05,9.598779797670431e-06
281,0.29560546875000004,1.0,225.0,0.002633703639730811,0.0014234657865017653
282,0.29197265625,1.0,411.0,0.00020120965200476348,4.5574404794024304e-05
283,0.2915429687500001,1.0,433.0,-0.0002938588731922209,0.0004116279596928507
284,0.2911328125,1.0,454.0,-0.0001708461786620319,4.351978350314312e-05
285,0.6082161458333333,0.6133333333333333,262.0,0.8395562767982483,0.08055415004491806
286,0.29000000000000004,1.0,545.0,-0.0015670523280277848,0.006840899586677551
287,0.2945898437500001,1.0,277.0,-0.00030383418197743595,6.925569323357195e-05
288,0.26981178977272735,0.9772727272727273,382.0,-0.0008938254904933274,0.0009151228005066514
289,0.29330078125000003,1.0,343.0,0.0013453686842694879,0.000104511585959699
290,0.19000000000000006,1.0,862.0,-0.17084595561027527,0.005036882124841213
291,0.29392578125,1.0,311.0,0.0015224488452076912,0.0019785654731094837
292,0.29416015625,1.0,299.0,0.0006061021704226732,0.0008485384751111269
293,0.29345703125,1.0,335.0,0.001717620063573122,0.002185561927035451
294,0.29365234375000004,1.0,325.0,0.0005753185832872987,0.0007794486009515822
295,0.29191406250000007,1.0,414.0,0.0008741915808059275,0.0008673638803884387
296,0.29330078125000003,1.0,343.0,0.0012131205294281244,0.0013124357210472226
297,0.29341796875000004,1.0,337.0,0.0010495784226804972,0.0007686729077249765
298,0.29000000000000004,1.0,555.0,-0.00019142148084938526,3.178708357154392e-05
299,-0.0944401041666666,0.6145833333333334,462.0,-0.013367870822548866,0.16757868230342865
300,0.2913671875,1.0,442.0,-0.00028903488419018686,7.339051808230579e-05
301,0.29375000000000007,1.0,320.0,-6.520876922877505e-05,2.888223662012024e-06
302,0.29443359375,1.0,285.0,0.0006218080525286496,0.00017738743918016553
303,0.29000000000000004,1.0,589.0,-0.0003378783003427088,0.0005293236463330686
304,0.29000000000000004,1.0,536.0,-0.00024402316194027662,0.00024367518199142069
305,0.29000000000000004,1.0,516.0,-0.0001636409288039431,2.975851202791091e-05
306,0.293203125,1.0,348.0,0.00012890348443761468,6.85462555338745e-06
307,0.29375000000000007,1.0,320.0,0.0006242806557565928,0.00024731832672841847
308,0.2905664062500001,1.0,483.0,0.0005416947533376515,0.0002346897090319544
309,0.29142578125000007,1.0,439.0,0.0007680411799810827,0.0002997824049089104
310,0.2947070312500001,1.0,271.0,0.0007495001191273332,0.0003437899868004024
311,0.29000000000000004,1.0,579.0,-0.00030002559651620686,6.786051380913705e-05
312,0.2940625,1.0,304.0,0.0005540479905903339,0.0001866888051154092
313,0.29357421875,1.0,329.0,0.015485702082514763,0.004314141813665628
314,0.29279296875000005,1.0,369.0,0.0003959063033107668,7.398557499982417e-05
315,0.2108525126689189,0.9189189189189189,413.0,-0.04345224052667618,0.03503580391407013
316,0.2305647440159575,0.9361702127659575,287.0,-0.0016832583351060748,0.006803695112466812
317,-0.10634765624999998,0.6,325.0,-0.013453887775540352,0.16403579711914062
318,0.293203125,1.0,348.0,0.001893630949780345,0.0005804253742098808
319,0.29292968750000004,1.0,362.0,0.0019019987666979432,0.0021220461931079626
320,0.29302734375000006,1.0,357.0,0.002415875904262066,0.003288709092885256
321,0.29220703125,1.0,399.0,0.001321760704740882,0.004541347268968821
322,0.29236328125,1.0,391.0,-0.002093094401061535,0.00011161445581819862
323,0.29283203125,1.0,367.0,0.0034995833411812782,0.00430789589881897
324,0.2922656250000001,1.0,396.0,0.002549047814682126,0.0022155074402689934
325,0.29294921875,1.0,361.0,0.0016867057420313358,0.0011009795125573874
326,0.2949609375000001,1.0,258.0,0.00044734185212291777,0.00031159434001892805
327,0.29234375,1.0,392.0,0.001769870170392096,0.0002572547527961433
328,0.2945703125000001,1.0,278.0,-0.0005109338089823723,7.993126200744882e-05
329,0.29099609375,1.0,461.0,-0.000906413362827152,0.0019128151470795274
330,-0.13732142857142848,0.5714285714285715,448.0,-0.025833752006292343,0.21115423738956451
331,0.29000000000000004,1.0,521.0,-0.0012926689814776182,0.0030106918420642614
332,-0.014196213942307523,0.6923076923076924,333.0,-0.01793750934302807,0.09959696978330612
333,0.29277343750000007,1.0,370.0,0.0015406467719003558,0.0006490786327049136
334,0.2944140625,1.0,286.0,0.005391827784478664,0.0005426494171842933
335,0.29291015625000005,1.0,363.0,0.0056579322554171085,0.0026862602680921555
336,0.29484375000000007,1.0,264.0,-0.004593751393258572,0.0001622799172764644
337,-0.47626047327898546,0.2318840579710145,417.0,-0.09814310073852539,0.5853068828582764
338,0.19000000000000006,1.0,578.0,-0.10253893584012985,0.0011898898519575596
339,0.2922656250000001,1.0,396.0,0.0020013845060020685,0.005603105761110783
340,0.29630859375000007,1.0,189.0,0.005135250743478537,0.006799654103815556
341,0.29000000000000004,1.0,535.0,0.0019451117841526866,0.005619371309876442
342,0.29216796875000006,1.0,401.0,0.004191719461232424,0.004856439307332039
343,0.2967578125,1.0,166.0,0.014134303666651249,0.007107625249773264
344,0.2906640625000001,1.0,478.0,0.00044711114605888724,0.00037745237932540476
345,0.293671875,1.0,324.0,0.0007782708271406591,0.0001810579706216231
346,0.07150371662621358,0.7766990291262136,266.0,-0.028343841433525085,0.04278602451086044
347,0.29205078125000006,1.0,407.0,-0.0005878852680325508,0.000423669844167307
348,0.29076171875,1.0,473.0,-0.0010068757692351937,0.00037953618448227644
349,0.29330078125000003,1.0,343.0,-0.0007962699746713042,0.0009211188880726695
350,0.2923828125000001,1.0,390.0,-0.000728619925212115,0.0007173445192165673
351,0.4949609375,0.5,258.0,0.4842411279678345,0.04903619736433029
352,0.29548828125000004,1.0,231.0,0.005993005819618702,0.0012639104388654232
353,0.2932421875000001,1.0,346.0,-0.0006589099648408592,0.00044490129221230745
354,0.2935546875,1.0,330.0,0.001888687489554286,6.403888983186334e-05
355,0.29134765625000003,1.0,443.0,-0.0016808364307507873,0.0007069800049066544
356,0.3900723945599021,0.39608801955990214,308.0,0.18894965946674347,0.004575158469378948
357,0.29289062500000007,1.0,364.0,-0.0012879110872745514,0.00027185759972780943
358,0.19382812500000002,1.0,316.0,-0.1714993417263031,0.014424889348447323
359,0.21314910123607242,0.21727019498607242,211.0,-0.27756473422050476,0.009631102904677391
360,0.29425781250000005,1.0,294.0,-0.0059621334075927734,0.00011175303370691836
361,0.12778645833333332,0.13333333333333333,284.0,-0.5156816244125366,0.021789515390992165
362,0.2937109375,1.0,322.0,0.0013674525544047356,0.0008269276586361229
363,0.29472656250000007,1.0,270.0,0.0017854594625532627,0.001550043816678226
364,0.29296875,1.0,360.0,0.0043207621201872826,0.001115619670599699
365,0.2959375000000001,1.0,208.0,0.010819142684340477,0.0044219656847417355
366,0.29000000000000004,1.0,604.0,0.0038878917694091797,8.096787496469915e-05
367,0.29121093750000004,1.0,450.0,0.0008717307937331498,0.0008117484394460917
368,0.29000000000000004,1.0,667.0,0.0014202333986759186,0.00023407649132423103
369,0.19000000000000006,1.0,1093.0,-0.17362700402736664,0.005777953192591667
370,0.29111328125,1.0,455.0,0.0004952580784447491,4.882407665718347e-05
371,0.29289062500000007,1.0,364.0,0.0012167183449491858,0.0003253341419622302
372,0.29455078125,1.0,279.0,0.0025141544174402952,0.000390873959986493
373,0.2922265625,1.0,398.0,-0.00028642211691476405,0.00014234241098165512
374,0.29255859375000004,1.0,381.0,-0.00036527260090224445,0.00020573001529555768
375,0.29083984375000005,1.0,469.0,-0.0004419297620188445,0.00036479104892350733
376,0.2916406250000001,1.0,428.0,-0.0002835119958035648,0.00013507253606803715
377,0.29490234375,1.0,261.0,-0.00015374802751466632,2.1957459466648288e-05
378,-0.043333333333333335,0.6666666666666666,517.0,-0.007361404597759247,0.11823777109384537
379,0.29000000000000004,1.0,575.0,0.0002243190974695608,0.00010150748857995495
380,0.29279296875000005,1.0,369.0,0.0015727048739790916,0.0009057007264345884
381,0.29337890625000007,1.0,339.0,0.0007268748013302684,0.0007944334065541625
382,0.29267578125000004,1.0,375.0,0.0021349554881453514,0.0011629763757809997
383,-0.19307756696428569,0.5142857142857142,377.0,-0.009723682887852192,0.21083858609199524
384,-0.015204480229591755,0.6938775510204082,465.0,-0.017565861344337463,0.07269320636987686
385,0.292109375,1.0,404.0,0.010196247138082981,0.001884841127321124
386,0.29013671875,1.0,505.0,0.0036185940261930227,0.004116185009479523
387,0.2931054687500001,1.0,353.0,0.0042563434690237045,0.005956680979579687
388,0.29369140625,1.0,323.0,0.017636854201555252,0.0018827494932338595
389,0.29158203125000004,1.0,431.0,0.0018967975629493594,0.005434982478618622
390,0.29314453125000006,1.0,351.0,0.002006341004744172,0.0020970026962459087
391,0.29353515625000004,1.0,331.0,0.0016507452819496393,0.0009766090661287308
392,0.29390625000000004,1.0,312.0,0.000360503705451265,0.00026097934460267425
393,0.2905468750000001,1.0,484.0,-0.00013642682461068034,2.8094267690903507e-05
394,0.2906640625000001,1.0,478.0,-0.001640091184526682,0.000966808118391782
395,0.29011718750000004,1.0,506.0,-0.0034194441977888346,0.0035452248994261026
396,0.2925195312500001,1.0,383.0,-0.0021955985575914383,0.003169275587424636
397,0.29234375,1.0,392.0,-0.00215191300958395,0.0025189854204654694
398,0.29402343750000004,1.0,306.0,-0.0017602482112124562,0.0014087450690567493
399,-0.5857995975378787,0.12121212121212122,359.0,-0.024342019110918045,0.8124479651451111
400,0.2941796875,1.0,298.0,0.0005153582314960659,9.607421088730916e-05
401,0.29000000000000004,1.0,542.0,0.0005910656182095408,0.0001110704179154709
402,0.23432100183823534,0.9411764705882353,351.0,-0.031136535108089447,0.005695352330803871
403,0.29585937500000004,1.0,212.0,0.0028245195280760527,0.0024061191361397505
404,0.2958984375,1.0,210.0,0.0018827824387699366,0.005497894715517759
405,0.2944531250000001,1.0,284.0,0.0042654681019485,0.005180560518056154
406,0.29376953125000005,1.0,319.0,0.003928142599761486,0.004017396830022335
407,0.2934765625000001,1.0,334.0,0.0015640336787328124,0.0033820976968854666
408,0.2905078125,1.0,486.0,0.0011376430047675967,0.0007030708948150277
409,0.29414062500000004,1.0,300.0,0.001621766947209835,0.0007848729146644473
410,0.2930859375,1.0,354.0,0.00017412456509191543,4.0271934267366305e-05
411,0.2933203125,1.0,342.0,-0.00012497653369791806,3.24569123222318e-06
412,0.29248046875,1.0,385.0,-0.0019980520009994507,0.0020599798299372196
413,0.46675884589947086,0.4708994708994709,212.0,0.36862459778785706,0.018016593530774117
414,0.29000000000000004,1.0,661.0,-0.0032717501744627953,0.002038631122559309
415,0.29000000000000004,1.0,612.0,-0.0014788025291636586,0.0029788920655846596
416,0.29183593750000003,1.0,418.0,-0.002061638981103897,0.00011303516657790169
417,0.1504631696428571,0.8571428571428571,342.0,-0.0155577901750803,0.03608290106058121
418,0.29162109375,1.0,429.0,-0.002533708931878209,0.0009013363160192966
419,0.29234375,1.0,392.0,-0.0006737172370776534,0.0003453522513154894
420,0.2939843750000001,1.0,308.0,-0.002257728483527899,0.00017709462554194033
421,0.29271484375,1.0,373.0,1.9207973309676163e-05,5.4009067440574654e-08
422,0.2940625,1.0,304.0,0.0009818769758567214,0.0004578148073051125
423,0.29353515625000004,1.0,331.0,0.004124668426811695,0.001196773606352508
424,0.29240234375000007,1.0,389.0,0.002826390089467168,0.002797989174723625
425,0.29281250000000003,1.0,368.0,0.005577654577791691,0.0017364455852657557
426,0.29156250000000006,1.0,432.0,0.005871043540537357,0.0019181551178917289
427,0.29169921875000004,1.0,425.0,0.00535077229142189,0.0016842231852933764
428,0.29244140625000004,1.0,387.0,0.0025977378245443106,0.00032848853152245283
429,0.2926953125,1.0,374.0,3.247041968279518e-05,2.5901408662321046e-07
430,0.29425781250000005,1.0,294.0,-0.0007135325577110052,1.7121257769758813e-05
431,0.2932421875000001,1.0,346.0,-0.0010028717806562781,0.00029386646929197013
432,0.29281250000000003,1.0,368.0,-0.001615135814063251,0.0005838768556714058
433,0.29193359375000005,1.0,413.0,-0.001399884233251214,0.0005664875498041511
434,0.2917578125,1.0,422.0,-0.004444827791303396,0.0001626970333745703
435,0.29316406250000004,1.0,350.0,-0.002538412343710661,0.00131607661023736
436,0.29425781250000005,1.0,294.0,0.003876359900459647,9.593112918082625e-05
437,0.09063920454545454,0.09454545454545454,200.0,-0.5120363831520081,0.04884931817650795
438,0.29195312500000004,1.0,412.0,-0.00036394118797034025,3.829472916550003e-05
439,-0.2786229418682795,0.43010752688172044,447.0,-0.04086262360215187,0.3153058886528015
440,0.1715019261232719,0.17511520737327188,185.0,-0.2408173531293869,0.01137752365320921
441,0.2920312500000001,1.0,408.0,0.005459378473460674,0.0013586829882115126
442,-0.5468421052631579,0.2631578947368421,629.0,-1.3150144815444946,0.5665205717086792
443,0.2961328125,1.0,198.0,0.004124978091567755,0.005106963217258453
444,0.29191406250000007,1.0,414.0,0.005273087415844202,0.011278046295046806
445,0.293203125,1.0,348.0,0.005917403381317854,0.009665197692811489
446,-0.04500845841535428,0.6614173228346457,329.0,-0.08763343840837479,0.06104977801442146
447,0.2932421875000001,1.0,346.0,0.06369610875844955,0.009881055913865566
448,0.2910546875000001,1.0,458.0,0.020702818408608437,0.008301280438899994
449,0.29304687500000004,1.0,356.0,0.007525421213358641,0.006113845854997635
450,0.29142578125000007,1.0,439.0,0.004626359324902296,0.003487389301881194
451,0.29511718750000004,1.0,250.0,0.002369890920817852,0.0009425941971130669
452,0.2917773437500001,1.0,421.0,-0.0002451755863148719,4.504760363488458e-05
453,0.0672469873366013,0.0718954248366013,238.0,-0.7068081498146057,0.052815161645412445
454,0.29000000000000004,1.0,655.0,-0.0007582762627862394,0.0005653900443576276
455,0.29000000000000004,1.0,534.0,-0.0015083521138876677,0.0006989283137954772
456,0.29021484375000006,1.0,501.0,-0.0016683003632351756,0.003747270442545414
457,0.2916601562500001,1.0,427.0,-0.0018831606721505523,0.0046209064312279224
458,0.29439453125000004,1.0,287.0,-0.001708873431198299,0.0035807250533252954
459,0.2073917567172897,0.9158878504672897,435.0,-0.029441233724355698,0.009215639904141426
460,0.29460937500000006,1.0,276.0,-0.0005728864925913513,0.00042358029168099165
461,0.2905078125,1.0,486.0,0.00037303310818970203,0.00022988235286902636
462,0.29000000000000004,1.0,518.0,0.02064838632941246,0.0023415605537593365
463,0.29380859375,1.0,317.0,0.020133456215262413,0.0026040892116725445
464,0.29283203125,1.0,367.0,0.003129023127257824,0.002990973647683859
465,-0.0026137408088235947,0.7058823529411764,435.0,-0.010794446803629398,0.06020645797252655
466,0.29400390625000006,1.0,307.0,0.001566087594255805,0.002316028345376253
467,0.2941015625000001,1.0,302.0,0.0012313168263062835,0.004766101948916912
468,0.29400390625000006,1.0,307.0,0.05848098173737526,0.011247357353568077
469,0.29000000000000004,1.0,612.0,0.0015919603174552321,0.004880750086158514
470,0.29244140625000004,1.0,387.0,0.000804910552687943,0.0014524938305839896
471,0.29283203125,1.0,367.0,0.0005454454803839326,0.00018684113456401974
472,0.2939453125,1.0,310.0,7.583268597954884e-05,1.2718884136120323e-05
473,0.29248046875,1.0,385.0,-0.00027220952324569225,0.00019412026449572295
474,0.29500000000000004,1.0,256.0,0.027326658368110657,0.007543994579464197
475,0.29404296875,1.0,305.0,-0.00503444392234087,0.001076042652130127
476,0.29195312500000004,1.0,412.0,-0.0010496923932805657,0.003286836203187704
477,0.2950585937500001,1.0,253.0,-0.001237712218426168,0.00569188455119729
478,0.29718750000000005,1.0,144.0,-0.015709491446614265,0.007102578412741423
479,0.29337890625000007,1.0,339.0,-0.0008739001350477338,0.0029823968652635813
480,0.29378906250000003,1.0,318.0,-0.0011801234213635325,0.0011715639848262072
481,0.294296875,1.0,292.0,-0.0002352770243305713,0.00013141166709829122
482,0.2944140625,1.0,286.0,0.0007774507976137102,0.0003472078824415803
483,0.2934375,1.0,336.0,0.0007627899758517742,0.00045979369315318763
484,0.29000000000000004,1.0,556.0,-0.0023770087864249945,0.00040037723374553025
485,0.29595703125000006,1.0,207.0,0.001434527337551117,0.0015987263759598136
486,-0.4099999999999999,0.4,852.0,-1.2516742944717407,0.39422351121902466
487,0.29378906250000003,1.0,318.0,0.010067963972687721,0.002851249184459448
488,0.29337890625000007,1.0,339.0,0.0013251914642751217,0.005404183175414801
489,0.29183593750000003,1.0,418.0,0.0014820246724411845,0.005649898666888475
490,0.21942692454268287,0.9268292682926829,379.0,-0.0009227994596585631,0.00036953995004296303
491,0.2941796875,1.0,298.0,0.0009513674303889275,0.0029458943754434586
492,-0.18585852581521733,0.5217391304347826,389.0,-0.0077566830441355705,0.1916750967502594
493,0.29619140625000007,1.0,195.0,0.001442287233658135,0.0015071241650730371
494,0.29427734375000003,1.0,293.0,0.007385919336229563,0.0023397712502628565
495,0.29236328125,1.0,391.0,0.0010504022939130664,0.0008094116928987205
496,0.292578125,1.0,380.0,0.00026175452512688935,0.000245453673414886
497,0.2918945312500001,1.0,415.0,-6.415127427317202e-05,1.961852831300348e-05
498,0.292734375,1.0,372.0,-0.0004808307276107371,0.000256532512139529
499,0.0363302654109589,0.0410958904109589,244.0,-1.1314611434936523,0.07760912925004959
500,0.29125,1.0,448.0,-0.00026652522501535714,0.0004116618074476719
